Machine Name,Policy Target,Subcategory,Subcategory GUID,Inclusion Setting,Exclusion Setting,Setting Value
,System,Security System Extension,{0CCE9211-69AE-11D9-BED3-505054503030},Success and Failure,,3
,System,Distribution Group Management,{0CCE9238-69AE-11D9-BED3-505054503030},Success and Failure,,3
,System,Security Group Management,{0CCE9237-69AE-11D9-BED3-505054503030},Success and Failure,,3
,System,Computer Account Management,{0CCE9236-69AE-11D9-BED3-505054503030},Success and Failure,,3
,System,User Account Management,{0CCE9235-69AE-11D9-BED3-505054503030},Success and Failure,,3
,System,Directory Service Access,{0CCE923B-69AE-11D9-BED3-505054503030},Success and Failure,,3
,System,Directory Service Changes,{0CCE923C-69AE-11D9-BED3-505054503030},Success and Failure,,3
,System,Credential Validation,{0CCE923F-69AE-11D9-BED3-505054503030},Success and Failure,,3
