<BackupInst xmlns="http://www.microsoft.com/GroupPolicy/GPOOperations/Manifest"><GPOGuid><![CDATA[{99CB43FE-692D-4EFF-B7E7-2AAA795A12C3}]]></GPOGuid><GPODomain><![CDATA[lab.local]]></GPODomain><GPODomainGuid><![CDATA[{d534ebfb-c18e-4009-a9b1-2ac37d1b5ca4}]]></GPODomainGuid><GPODomainController><![CDATA[DC01.lab.local]]></GPODomainController><BackupTime><![CDATA[2024-01-19T17:49:19]]></BackupTime><ID><![CDATA[{E445CE28-CF1E-4FEB-945C-1AF76E2DF490}]]></ID><Comment><![CDATA[Microsoft Defender for Identity - Advanced Audit Policy for DCs ]]></Comment><GPODisplayName><![CDATA[Microsoft Defender for Identity - Advanced Audit Policy for DCs]]></GPODisplayName></BackupInst>
