<Backups xmlns="http://www.microsoft.com/GroupPolicy/GPOOperations/Manifest" xmlns:mfst="http://www.microsoft.com/GroupPolicy/GPOOperations/Manifest" mfst:version="1.0"><BackupInst><GPOGuid><![CDATA[{C67996C4-CCA3-4372-B57A-11DAF59D1639}]]></GPOGuid><GPODomain><![CDATA[lab.local]]></GPODomain><GPODomainGuid><![CDATA[{d534ebfb-c18e-4009-a9b1-2ac37d1b5ca4}]]></GPODomainGuid><GPODomainController><![CDATA[DC01.lab.local]]></GPODomainController><BackupTime><![CDATA[2024-01-19T17:49:53]]></BackupTime><ID><![CDATA[{FEF8FAFF-A207-45FD-BB90-7530365A0062}]]></ID><Comment><![CDATA[Microsoft Defender for Identity - Processor Performance]]></Comment><GPODisplayName><![CDATA[Microsoft Defender for Identity - Processor Performance]]></GPODisplayName></BackupInst><BackupInst><GPOGuid><![CDATA[{E03C282C-B8A6-4117-9B5D-469365CAC3CD}]]></GPOGuid><GPODomain><![CDATA[lab.local]]></GPODomain><GPODomainGuid><![CDATA[{d534ebfb-c18e-4009-a9b1-2ac37d1b5ca4}]]></GPODomainGuid><GPODomainController><![CDATA[DC01.lab.local]]></GPODomainController><BackupTime><![CDATA[2024-01-19T17:49:37]]></BackupTime><ID><![CDATA[{E633D0F2-7726-4707-84E6-992BC2E1426F}]]></ID><Comment><![CDATA[Microsoft Defender for Identity - NTLM Auditing for DCs ]]></Comment><GPODisplayName><![CDATA[Microsoft Defender for Identity - NTLM Auditing for DCs]]></GPODisplayName></BackupInst><BackupInst><GPOGuid><![CDATA[{66B910C1-F976-42D7-A0B4-0AB08F9F5881}]]></GPOGuid><GPODomain><![CDATA[lab.local]]></GPODomain><GPODomainGuid><![CDATA[{d534ebfb-c18e-4009-a9b1-2ac37d1b5ca4}]]></GPODomainGuid><GPODomainController><![CDATA[DC01.lab.local]]></GPODomainController><BackupTime><![CDATA[2024-01-19T17:49:29]]></BackupTime><ID><![CDATA[{BD4C8B67-86A9-4AE1-8A56-DC7170E3A530}]]></ID><Comment><![CDATA[Microsoft Defender for Identity - Auditing for CAs]]></Comment><GPODisplayName><![CDATA[Microsoft Defender for Identity - Auditing for CAs]]></GPODisplayName></BackupInst><BackupInst><GPOGuid><![CDATA[{99CB43FE-692D-4EFF-B7E7-2AAA795A12C3}]]></GPOGuid><GPODomain><![CDATA[lab.local]]></GPODomain><GPODomainGuid><![CDATA[{d534ebfb-c18e-4009-a9b1-2ac37d1b5ca4}]]></GPODomainGuid><GPODomainController><![CDATA[DC01.lab.local]]></GPODomainController><BackupTime><![CDATA[2024-01-19T17:49:19]]></BackupTime><ID><![CDATA[{E445CE28-CF1E-4FEB-945C-1AF76E2DF490}]]></ID><Comment><![CDATA[Microsoft Defender for Identity - Advanced Audit Policy for DCs ]]></Comment><GPODisplayName><![CDATA[Microsoft Defender for Identity - Advanced Audit Policy for DCs]]></GPODisplayName></BackupInst><BackupInst><GPOGuid><![CDATA[{AEE13920-4FDB-4C44-B46C-A63CE0A8A769}]]></GPOGuid><GPODomain><![CDATA[lab.local]]></GPODomain><GPODomainGuid><![CDATA[{d534ebfb-c18e-4009-a9b1-2ac37d1b5ca4}]]></GPODomainGuid><GPODomainController><![CDATA[DC01.lab.local]]></GPODomainController><BackupTime><![CDATA[2024-01-19T17:48:53]]></BackupTime><ID><![CDATA[{10C96B19-99E5-47FB-8D91-7A08255553B2}]]></ID><Comment><![CDATA[Microsoft Defender for Identity - Advanced Audit Policy for CAs]]></Comment><GPODisplayName><![CDATA[Microsoft Defender for Identity - Advanced Audit Policy for CAs]]></GPODisplayName></BackupInst></Backups>