<BackupInst xmlns="http://www.microsoft.com/GroupPolicy/GPOOperations/Manifest"><GPOGuid><![CDATA[{C67996C4-CCA3-4372-B57A-11DAF59D1639}]]></GPOGuid><GPODomain><![CDATA[lab.local]]></GPODomain><GPODomainGuid><![CDATA[{d534ebfb-c18e-4009-a9b1-2ac37d1b5ca4}]]></GPODomainGuid><GPODomainController><![CDATA[DC01.lab.local]]></GPODomainController><BackupTime><![CDATA[2024-01-19T17:49:53]]></BackupTime><ID><![CDATA[{FEF8FAFF-A207-45FD-BB90-7530365A0062}]]></ID><Comment><![CDATA[Microsoft Defender for Identity - Processor Performance]]></Comment><GPODisplayName><![CDATA[Microsoft Defender for Identity - Processor Performance]]></GPODisplayName></BackupInst>
