<BackupInst xmlns="http://www.microsoft.com/GroupPolicy/GPOOperations/Manifest"><GPOGuid><![CDATA[{AEE13920-4FDB-4C44-B46C-A63CE0A8A769}]]></GPOGuid><GPODomain><![CDATA[lab.local]]></GPODomain><GPODomainGuid><![CDATA[{d534ebfb-c18e-4009-a9b1-2ac37d1b5ca4}]]></GPODomainGuid><GPODomainController><![CDATA[DC01.lab.local]]></GPODomainController><BackupTime><![CDATA[2024-01-19T17:48:53]]></BackupTime><ID><![CDATA[{10C96B19-99E5-47FB-8D91-7A08255553B2}]]></ID><Comment><![CDATA[Microsoft Defender for Identity - Advanced Audit Policy for CAs]]></Comment><GPODisplayName><![CDATA[Microsoft Defender for Identity - Advanced Audit Policy for CAs]]></GPODisplayName></BackupInst>
