<BackupInst xmlns="http://www.microsoft.com/GroupPolicy/GPOOperations/Manifest"><GPOGuid><![CDATA[{66B910C1-F976-42D7-A0B4-0AB08F9F5881}]]></GPOGuid><GPODomain><![CDATA[lab.local]]></GPODomain><GPODomainGuid><![CDATA[{d534ebfb-c18e-4009-a9b1-2ac37d1b5ca4}]]></GPODomainGuid><GPODomainController><![CDATA[DC01.lab.local]]></GPODomainController><BackupTime><![CDATA[2024-01-19T17:49:29]]></BackupTime><ID><![CDATA[{BD4C8B67-86A9-4AE1-8A56-DC7170E3A530}]]></ID><Comment><![CDATA[Microsoft Defender for Identity - Auditing for CAs]]></Comment><GPODisplayName><![CDATA[Microsoft Defender for Identity - Auditing for CAs]]></GPODisplayName></BackupInst>
