<BackupInst xmlns="http://www.microsoft.com/GroupPolicy/GPOOperations/Manifest"><GPOGuid><![CDATA[{E03C282C-B8A6-4117-9B5D-469365CAC3CD}]]></GPOGuid><GPODomain><![CDATA[lab.local]]></GPODomain><GPODomainGuid><![CDATA[{d534ebfb-c18e-4009-a9b1-2ac37d1b5ca4}]]></GPODomainGuid><GPODomainController><![CDATA[DC01.lab.local]]></GPODomainController><BackupTime><![CDATA[2024-01-19T17:49:37]]></BackupTime><ID><![CDATA[{E633D0F2-7726-4707-84E6-992BC2E1426F}]]></ID><Comment><![CDATA[Microsoft Defender for Identity - NTLM Auditing for DCs ]]></Comment><GPODisplayName><![CDATA[Microsoft Defender for Identity - NTLM Auditing for DCs]]></GPODisplayName></BackupInst>
